id,quantity
348479,0
343889,0
344625,0
346848,0
344281,0
344400,0
347464,0
344615,0
346586,1
346587,1
346404,0
346589,2
343890,0
344616,0
346222,0
346239,0
346258,0
347702,0
345877,0
346606,0
344339,4
344340,3
344341,1
344342,5
346590,1
346594,1
346595,8
344343,1
346742,0
346805,0
346809,0
346810,0
345543,0
347465,0
348785,0
345237,0
347787,1
347434,0
345744,0
345764,0
345544,0
345749,0
347788,1
347770,0
344475,0
347789,1
347790,1
346884,0
344167,0
344168,0
344626,0
343881,0
343882,0
347437,0
343867,0
345736,0
343868,0
343891,0
345834,0
348751,0
347439,0
347093,0
346396,0
344627,0
347438,0
345233,0
348799,0
345236,0
344630,0
344629,0
344631,0
345238,0
344644,0
348753,0
349094,0
346689,0
346690,0
345545,0
346685,0
346686,0
343893,0
343895,0
344229,4
347777,0
347295,0
344230,8
344231,6
345838,0
347775,0
344232,4
344233,8
345832,0
345833,0
345846,0
345845,0
345750,0
344718,0
344933,0
347771,0
346440,0
347776,0
344717,0
344721,0
347779,0
347780,0
347781,0
345687,0
345705,0
346570,0
348467,0
348754,0
348454,0
346028,0
348468,0
348469,0
346578,0
345685,0
347316,0
344260,0
346041,0
347328,0
347339,0
347357,0
347356,0
347396,0
347355,0
347358,0
346588,1
347441,0
347112,0
348782,0
348783,0
347782,0
347359,0
347101,0
347778,0
345778,0
345779,0
344818,0
346847,0
347769,0
344826,0
344580,0
344128,0
347453,0
347443,0
347449,0
347444,0
347452,0
347445,0
347448,0
344659,0
348802,0
344624,0
348803,0
348804,0
348805,0
345326,0
348806,0
348807,0
348808,0
344657,0
344082,0
348760,0
348798,0
347099,0
348757,0
348758,0
348759,0
348761,0
344658,0
348762,0
348767,0
349093,0
348766,0
344076,0
344282,1
344283,1
347562,0
347561,0
349090,0
347564,0
347566,0
347567,0
347563,0
344284,1
344285,1
344680,0
347120,0
347103,0
345417,0
344784,0
344786,0
344781,0
344286,1
345335,0
344287,1
344288,1
347466,0
347470,0
344289,1
344290,1
348475,0
348476,0
348478,0
348474,0
343903,0
343904,0
344983,0
344984,0
344987,0
347125,0
344988,0
344985,0
344986,0
343896,0
343900,0
347124,0
344989,0
344990,0
344991,0
344992,0
347126,0
344682,0
344957,0
344958,0
344993,0
344994,0
344995,0
344996,0
344997,0
344998,0
348871,0
344698,0
348879,0
348880,0
344124,0
344126,0
345086,0
344765,0
345868,0
347082,0
345869,0
345737,0
344234,0
344716,0
345546,0
347134,0
345088,0
345794,0
345767,0
345769,0
345090,0
345770,0
344833,0
343984,0
343985,0
345349,0
343986,0
343987,0
345771,0
345772,0
343894,0
343963,0
343953,0
349092,0
349095,0
349096,0
349097,0
349098,0
345070,0
344138,0
343905,0
344139,0
344144,0
344141,0
346942,0
348812,0
344142,0
344140,0
345548,0
348146,0
348404,0
344190,0
348477,0
348490,0
349102,0
346576,0
344143,0
344964,0
347786,0
345851,0
345552,0
345553,0
344968,0
344966,0
344967,0
345082,0
347763,0
347851,0
347382,0
347135,0
347139,0
347365,0
347368,0
347140,0
344620,0
347141,0
346943,0
347370,0
347371,0
346899,0
346901,0
346900,0
346902,0
347025,0
347028,0
347029,0
347031,0
346953,0
347043,0
347372,0
347362,0
347364,0
347383,0
347366,0
349099,0
347367,0
347369,0
346355,0
345558,0
347500,0
344619,0
344614,0
344618,0
344132,0
346747,0
346744,0
349100,0
345001,0
347800,0
347805,0
347801,0
347802,0
347803,0
347804,0
346362,0
344088,0
347492,0
347683,0
346612,0
346613,0
346614,0
346615,0
346616,0
347684,0
347685,0
344127,0
347686,0
344319,1
344320,1
347485,0
347504,0
347687,0
347166,0
344344,0
344358,0
347688,0
346354,0
346356,0
347167,0
345444,0
347689,0
344255,0
347690,0
345853,0
344603,0
345854,0
344597,0
345855,0
345857,0
345856,0
343950,0
345068,0
347168,0
347496,0
347498,0
347806,0
347807,0
347502,0
347169,0
343974,0
345084,0
345085,0
345069,0
345072,0
345074,0
345075,0
345076,0
345077,0
345078,0
345079,0
347499,0
347501,0
345081,0
345083,0
347812,0
347809,0
347810,0
347811,0
347808,0
347813,0
347814,0
344877,0
344077,0
344496,0
344114,0
347815,0
343914,0
346945,0
347497,0
347494,0
347819,0
347503,0
348507,0
344602,0
347817,0
346176,0
345565,0
347818,0
347816,0
344761,0
344317,0
346180,0
345091,0
345092,0
345093,0
345094,0
343898,0
344123,0
345096,0
345095,0
344125,0
343901,0
343919,0
343902,0
343910,0
345866,0
344819,0
344318,1
346181,0
347174,0
347176,0
344601,0
344311,1
344599,0
347175,0
347172,0
344118,0
347173,0
347171,0
345040,0
346105,0
346107,0
344312,1
344876,0
344313,1
345041,0
346373,0
345000,0
344879,0
346439,0
346445,0
344506,0
347513,0
344447,0
347514,0
343912,0
343915,0
344725,0
347515,0
347517,0
347518,0
347181,0
347177,0
347182,0
347519,0
347520,0
347516,0
347178,0
347179,0
347170,0
347180,0
346360,0
347521,0
347522,0
346359,0
344804,0
344598,0
346965,0
349101,0
348714,0
348720,0
348718,0
348721,0
344727,0
344728,0
344729,0
344731,0
344732,0
344681,0
344699,0
344726,0
344314,2
344733,0
347832,0
347524,0
343968,0
343970,0
343971,0
344697,0
347739,0
348768,0
348770,0
348772,0
348776,0
348769,0
349121,0
348773,0
348778,0
348774,0
349122,0
344700,0
345826,0
343976,0
347822,0
347823,0
347824,0
346386,0
347820,0
347821,0
345828,0
347306,0
349135,0
348506,0
347307,0
347308,0
347183,0
347388,0
348522,0
348509,0
348144,0
348510,0
348512,0
348514,0
348517,0
347591,0
347597,0
347596,0
348473,0
348532,0
349127,0
349131,0
349132,0
347184,0
347211,0
346442,0
344464,0
345858,0
344466,0
344467,0
344468,0
344469,0
343996,0
344470,0
345003,0
344471,0
349134,0
349140,0
345002,0
346361,0
344472,0
349136,0
349137,0
344875,1
344521,0
345561,0
345560,0
345557,0
345004,0
347526,0
346314,0
349138,0
349139,0
347528,0
347185,0
344792,0
344795,0
344793,0
344794,0
346108,0
346110,0
348859,0
343983,0
347527,0
344745,0
344507,0
344514,0
344515,0
344746,0
344516,0
347533,0
347204,0
344722,0
344517,0
346617,0
347734,1
344723,0
344518,0
344519,0
344520,0
346385,0
344044,0
346621,0
347186,0
347732,1
347187,0
343922,0
343924,0
343942,0
343943,0
343923,0
347742,0
346622,0
344724,0
347535,0
347536,0
347532,0
346184,0
343837,0
346947,0
346182,0
346183,0
343892,0
347529,0
347530,0
347537,0
347188,0
347538,0
343824,0
347557,0
347467,0
347469,0
347468,0
347471,0
347472,0
347473,0
347189,0
347474,0
347486,0
347488,0
347489,0
347475,0
349103,0
349105,0
347476,0
347495,0
347478,0
347491,0
347479,0
349109,0
347480,0
347481,0
347482,0
347483,0
347558,0
347484,0
347490,0
347487,0
347493,0
349110,0
349111,0
347191,0
347190,0
349112,0
349113,0
349114,0
347078,0
347194,0
349115,0
347195,0
347196,0
349118,0
349119,0
349120,0
347539,0
349116,0
345087,0
345089,0
346187,0
347200,0
349104,0
349142,0
349141,0
349143,0
349144,0
346094,0
346397,0
346398,0
347109,0
348148,0
347858,0
346114,0
346164,0
347523,0
347540,0
346165,0
346167,0
347543,0
344820,0
346168,0
347542,0
347541,0
345460,0
347560,0
347121,0
344886,2
345682,0
345683,0
347838,0
347848,0
345684,0
347122,0
347559,0
347123,0
347436,0
347548,0
345262,0
345269,0
345263,0
344465,0
344473,0
344530,0
345264,0
344474,0
344887,1
345268,0
347550,0
346949,0
344552,0
344888,0
344889,0
346896,0
344541,0
344542,0
344890,0
344548,0
348470,0
344555,0
344532,0
344556,0
344104,0
347551,0
344041,0
344965,0
344148,0
346166,0
344151,0
344133,0
347556,0
347451,0
344184,1
345195,0
346449,0
347070,0
349008,0
348956,0
347839,0
347847,0
344708,0
349146,0
343848,0
346454,0
346642,0
345218,0
345219,0
345220,0
344710,0
344713,0
344712,0
345668,0
346698,0
344954,0
347854,0
347849,0
347850,0
349147,0
345635,0
345636,0
345244,0
345245,0
345637,0
349063,0
344064,0
344785,0
344999,0
346656,0
347064,0
345246,0
345006,0
346331,0
345247,0
345248,0
345249,0
345256,0
345257,0
347250,0
345258,0
345259,0
344955,0
344956,0
344711,0
344764,0
344623,0
344574,0
344767,0
344903,0
346657,0
347719,0
344736,0
346658,0
346659,0
346660,0
346661,0
346662,0
346663,0
349190,0
347720,0
344969,0
344897,0
344899,0
347063,0
343975,0
346874,0
346903,0
346913,0
345473,0
347721,0
349153,0
347722,0
347723,0
344201,1
343782,0
344202,1
343988,0
344203,1
344204,5
343989,0
343991,0
343994,0
343990,0
343959,0
343979,0
344907,0
344759,0
343992,0
344146,0
344147,0
343993,0
343980,0
343981,0
343982,0
344149,0
344205,1
344206,1
344366,0
344367,0
344368,0
344150,0
344177,0
346372,0
346371,0
344227,0
344247,0
344248,0
344758,0
344249,0
344377,0
344207,0
344250,0
344252,0
344117,0
344577,0
344576,0
344896,0
344898,0
344900,0
344901,0
344902,0
344352,0
345445,0
344904,0
344905,0
344906,0
344908,0
344909,0
344578,0
344579,0
344910,0
343815,0
343956,0
345098,0
346160,0
346416,0
344410,0
343957,0
346664,0
346671,0
346601,0
346497,0
344411,0
346157,0
347737,1
347555,0
347554,0
346665,0
345235,0
343958,0
349010,0
345266,0
345267,0
345265,0
346669,0
346670,0
344070,0
344226,0
344228,0
346666,0
346667,0
346668,0
345871,0
344129,0
344112,0
347857,0
343859,0
344778,0
344734,0
344831,0
349011,0
344832,0
343961,0
344106,0
344067,0
344829,0
344825,0
344827,0
343997,0
343999,0
344830,0
344402,0
344915,0
344672,0
349149,0
349150,0
344709,0
344583,0
349151,0
344584,0
344161,0
344162,0
343860,0
347416,0
347261,0
344152,0
346064,0
344175,0
343798,0
346279,0
344777,0
349152,0
344267,0
344292,0
344159,0
344160,0
344169,0
347127,0
344174,0
344171,0
344173,0
343995,0
343962,0
344293,0
349154,0
344408,0
344294,0
344022,0
343998,0
349155,0
348150,0
344769,0
344735,0
348675,0
344587,0
345027,0
345028,0
344457,0
344458,0
344459,0
344460,0
344461,0
344462,0
344463,0
344023,0
344024,0
344025,0
344026,0
344027,0
344028,0
344029,0
343536,0
346452,0
344811,0
345029,0
344030,0
344031,0
344032,0
344034,0
344035,0
344033,0
345031,0
344199,0
346457,0
346548,0
346549,0
346547,0
343823,0
345032,0
345033,0
345034,0
344591,0
346066,0
344592,0
343784,0
344589,0
344588,0
343826,0
344821,0
347068,0
347067,0
346672,0
344131,0
344145,0
343810,0
343811,0
343812,0
346673,0
344220,1
344223,2
344119,0
344251,0
349156,0
346259,3
343856,0
346151,0
344039,0
346464,0
343783,0
343955,0
343854,0
343855,0
346189,0
344042,0
349157,0
346674,0
344911,0
346679,0
344803,0
344861,0
344912,0
346675,0
349158,0
344959,0
344036,0
344038,0
344037,0
346676,0
343852,0
343853,0
346677,0
343870,0
343871,0
346109,0
343877,0
343878,0
346678,0
344045,0
345035,0
344219,1
344221,1
344065,0
345009,0
344189,0
343977,0
345010,0
345011,0
345012,0
344094,0
345013,0
345019,0
345020,0
345015,0
345016,0
345017,0
345018,0
344280,0
344401,0
344600,0
344593,0
344084,0
344085,0
349159,0
344918,0
344920,0
344921,0
344098,0
344069,0
349148,0
344771,0
349014,0
345873,0
344873,0
346177,0
345979,0
345980,0
346973,0
344504,0
346972,0
345981,0
346169,0
344505,0
345977,0
345037,0
344113,0
344272,0
346023,0
345457,0
344273,0
344776,0
345038,0
345982,0
344271,0
344414,0
344297,0
344224,10
344253,0
344130,0
344115,0
347772,0
345039,0
347785,0
347793,0
347795,0
347796,0
346026,0
344063,0
346118,0
347852,0
344176,0
344108,0
344266,0
344200,1
344014,0
343954,0
344181,0
344432,0
344433,0
347797,0
345878,0
343829,1
344182,2
344257,0
344105,0
344107,0
344923,0
344270,0
344269,0
344183,4
343949,0
347855,0
347856,0
344404,0
344406,0
344403,0
344405,0
344407,0
344409,0
344420,0
347798,0
344437,0
344017,0
344274,0
344275,0
344426,0
347794,0
344429,0
344430,0
344431,0
344276,0
344121,0
344919,0
344922,0
344434,0
344435,0
344436,0
344438,0
344439,0
345455,0
344604,0
344622,0
344239,0
344240,0
344241,0
344442,0
344443,0
344399,0
344040,0
344004,0
344398,0
344238,0
344016,0
344018,0
343978,0
344019,0
344020,0
344021,0
344005,0
344608,0
344605,0
344606,0
344607,0
344613,0
345458,0
344015,0
344120,0
344960,0
344066,0
344571,0
344154,0
344262,0
344263,0
344264,0
344265,0
344315,6
344445,0
344446,0
344321,1
344324,6
344779,0
344322,1
344323,1
344456,0
344895,0
344355,0
344334,1
344335,4
344336,2
344337,4
344338,4
344397,0
344327,1
344328,1
344329,1
344330,1
344331,1
344332,1
344333,1
344951,0
344950,0
344948,0
344949,0
344843,0
345201,0
344844,0
344483,0
348792,0
348810,0
348795,0
348797,0
348801,0
344351,0
344952,0
344259,4
344345,0
348811,0
348794,0
344346,0
344353,0
344354,0
344356,0
344357,0
344359,0
344360,0
344362,0
344363,0
344364,0
346393,0
344099,0
344100,0
344101,0
344089,0
344071,0
344073,0
344074,0
344075,0
344072,0
345099,0
345097,0
345202,0
345100,0
345101,0
344917,0
344929,0
344930,0
345203,0
345204,0
345205,0
345198,0
345270,0
345274,0
345271,0
344650,0
344655,0
345125,0
347083,0
345459,0
348883,0
346153,0
346150,0
346194,0
345284,0
345277,0
345282,0
345281,0
345286,0
345285,0
345278,0
345283,0
345279,0
345129,0
349015,0
345130,0
345148,0
345158,0
345149,0
345159,0
345150,0
345847,0
345160,0
345161,0
345162,0
344714,0
348878,0
345153,0
345163,0
345178,0
344489,0
344487,0
344488,0
344490,0
345165,0
345167,0
345901,0
345169,0
345174,0
345170,0
345171,0
345179,0
345180,0
345132,0
345133,0
345134,0
345139,0
345140,0
345141,0
345142,0
345143,0
345144,0
345145,0
345146,0
345151,0
345152,0
345131,0
345147,0
345902,0
348885,0
344242,0
344254,0
344246,0
345903,0
344110,0
344111,0
345193,0
345196,0
345197,0
345194,0
345199,0
345200,0
345206,0
345181,0
345207,0
348886,0
348887,0
345211,0
345905,0
347212,0
347578,0
348677,0
345225,0
348881,0
347741,0
345223,0
345224,0
346952,0
346968,0
345227,0
345242,0
345243,0
344109,0
345250,0
345251,0
345252,0
345253,0
345254,0
345255,0
345909,0
349160,0
345907,0
345443,0
344197,0
345260,0
345904,0
345299,0
345859,0
345852,0
345906,0
345910,0
345584,0
344222,0
345301,0
345353,0
345275,0
345287,0
345289,0
345290,0
345302,0
345276,0
343838,0
345983,0
344192,0
345793,0
345775,0
345288,0
345294,0
345295,0
345296,0
345298,0
345453,0
345452,0
345966,0
344225,0
347740,0
344194,0
344196,0
344198,0
346976,0
346977,0
343835,0
347202,0
346455,0
344632,0
344635,0
344645,0
344646,0
346451,0
346403,0
346933,0
346207,0
347412,0
344191,0
344193,0
344195,0
345798,0
345776,0
345797,0
345861,0
345860,0
345801,0
345773,0
345799,0
345800,0
348472,0
348471,0
346602,0
345172,0
345173,0
345166,0
345587,0
345588,0
346162,0
346216,0
345592,0
345593,0
345599,0
345594,0
345595,0
345596,0
345597,0
345598,0
345600,0
345168,0
348531,0
346970,0
348533,0
348534,0
346375,0
345601,0
345603,0
345605,0
345303,0
345304,0
345862,0
345608,0
346340,0
346339,1
346680,0
346787,0
345309,0
345310,0
345313,0
345314,0
345442,0
345350,1
345604,0
347113,0
341698,1
347863,0
346461,0
345322,0
345602,0
349145,0
344369,0
344372,0
344371,0
344376,0
345317,0
345446,0
345316,0
344374,0
344375,0
345606,0
345320,0
345321,0
345026,0
345021,1
346684,0
345607,0
345609,0
345447,0
345448,0
349032,0
349038,0
348898,0
346459,0
349039,0
345612,0
346223,0
346221,0
347865,0
345617,0
345619,0
347590,0
346178,0
345620,0
344209,0
344806,0
346420,0
346422,0
344789,0
344805,0
346423,0
345978,0
347291,0
344122,0
346978,0
347201,0
345628,0
345629,0
345630,0
345621,0
345864,0
345324,0
344824,0
346424,0
345240,0
345622,0
344807,0
345623,0
346969,0
346225,0
345631,0
345632,0
345323,0
345633,0
345634,0
346456,0
346460,0
346462,0
345305,0
345306,0
345307,0
345308,0
345333,0
345311,0
345973,0
345334,0
345975,0
345319,0
345318,0
344560,0
345389,0
345312,0
345293,0
345780,0
345423,0
345336,0
345297,0
346688,0
345348,0
345430,0
345809,0
343944,0
345354,0
343946,0
343947,0
345874,0
346692,0
345390,0
347714,1
343945,0
346682,0
347715,1
345507,0
344656,0
345872,0
345638,0
345504,0
344295,0
344291,0
346349,0
344325,0
346226,0
346345,0
346346,0
346163,0
346351,0
346687,0
345182,0
346419,0
345407,0
343948,0
349048,0
345355,1
345356,1
347598,0
345639,0
345405,0
344296,0
346596,0
346822,0
346431,0
346432,0
347071,0
346290,0
345644,0
345645,0
345831,0
345643,0
347088,0
345646,0
346467,0
346463,0
347087,0
347079,0
345732,0
345782,0
345785,0
345788,0
345928,0
345648,0
346823,0
346380,0
345357,1
345358,1
345359,1
345360,1
346475,0
345647,0
345908,0
347599,0
345361,1
345362,1
345363,1
345364,1
345365,1
345366,1
345367,1
345762,0
343846,0
345368,1
345369,1
345370,1
345371,1
345372,10
345373,10
345374,10
345650,0
345649,0
345655,0
345734,0
345730,0
345849,0
345848,0
346387,0
346388,0
345656,0
346630,0
345731,0
345784,0
345787,0
343834,0
345936,0
346230,0
346234,0
343847,0
345761,0
345783,0
345657,0
343849,0
345375,0
345376,0
345663,0
345664,0
344863,2
344878,1
344880,1
344881,1
346486,0
346235,0
344421,0
346089,0
346232,0
345875,0
345413,0
346233,0
346236,0
346237,0
346228,0
346229,0
346231,0
346238,0
346090,0
346091,0
345665,0
345666,0
345667,0
345925,0
345927,0
346227,0
345378,0
345876,0
344894,0
344892,0
344893,0
345669,0
345670,0
344883,1
344882,2
345984,0
344884,1
346071,0
345212,0
345213,0
346446,0
346441,0
345786,0
347296,0
346072,0
345789,0
345659,0
345953,0
345660,0
345164,0
345126,0
345127,0
347292,0
345583,0
345582,0
345733,0
345673,0
346156,0
345674,0
345579,0
346466,0
346465,1
345760,0
346693,0
345880,0
347293,0
345678,0
345676,0
345677,0
345937,0
345675,0
345938,0
345939,0
345881,0
345940,0
345941,0
347297,0
346695,0
345976,0
346694,0
346697,0
346696,0
347294,0
346093,0
346095,0
347392,0
347389,0
347298,0
345942,0
345580,0
345581,0
347391,0
346096,0
345945,0
345946,0
345387,0
348907,0
348908,0
345388,0
345719,0
345691,0
345870,0
345914,0
345915,0
345917,0
345920,0
345921,0
345922,0
345681,0
345924,0
345679,0
346490,0
346491,0
346478,0
346179,0
349163,0
346492,0
347869,0
345697,0
345229,0
346241,0
346992,0
347080,0
345911,0
345217,0
346172,0
346250,0
346224,0
346476,0
349161,0
345408,0
345409,0
345232,0
345410,0
345340,0
345929,0
345863,0
345415,0
345412,0
345865,0
348899,0
345414,0
348904,0
346240,0
345343,0
345867,0
345416,0
348905,0
347725,1
347601,0
346251,0
346260,4
345959,0
346261,9
346262,1
348906,0
347724,0
348909,0
348910,0
345930,0
346956,0
346958,0
345954,0
345923,0
347600,0
348911,0
348912,0
346748,0
345951,0
346962,0
347866,0
346481,0
347607,0
345950,0
347728,0
346937,0
346966,0
345693,0
344499,0
346477,0
345948,0
345949,0
345947,0
345956,0
345958,0
345933,0
345934,0
345437,0
345434,0
345952,0
348916,0
345957,0
346967,0
345808,0
345935,0
349166,0
345433,0
345805,0
345955,0
344103,0
348914,0
344557,0
345438,0
345435,0
348913,0
344559,0
344790,0
344791,0
346940,0
345757,0
348400,0
345738,0
345740,0
345694,0
348915,0
345441,0
345704,0
345451,0
347859,0
346971,0
345918,0
348848,0
348850,0
345462,0
348917,0
345461,0
347634,4
348851,0
345463,0
345429,0
346487,0
345431,0
345432,0
345418,0
345465,0
345464,0
346872,0
348858,0
345746,0
344373,0
346267,0
345377,0
345467,0
346271,0
345466,0
348852,0
345967,0
345968,0
348853,0
344412,0
346263,0
346264,0
346268,0
346265,0
346363,0
348854,0
348855,0
348856,0
348857,0
348860,0
348861,0
346269,0
343778,0
344080,0
348862,0
348544,0
346276,0
348863,0
345468,0
348864,0
348865,0
345709,0
345710,0
345707,0
348867,0
345708,0
345456,0
345454,0
347305,0
348866,0
344561,0
346277,0
345469,0
346278,0
348868,0
345550,0
345551,0
346282,0
346284,0
344416,0
348543,0
348869,0
348870,0
346283,0
346402,0
346401,0
345720,0
344936,0
345157,0
344943,0
344945,0
348540,0
348541,0
348542,0
344935,0
344937,0
344938,0
344934,0
344944,0
344939,0
344942,0
344946,0
344940,0
345547,0
345484,0
344814,0
344802,0
344858,0
345485,0
344860,0
346716,0
345722,0
345723,0
346500,0
344808,0
344859,0
346715,0
346731,0
346499,0
346482,0
344816,0
344817,0
346286,0
346735,0
346732,0
346733,0
347604,0
346288,0
346287,0
345470,0
345471,0
345472,0
345482,0
345487,0
345488,0
344441,0
344815,0
344865,0
345489,0
345491,0
345492,0
346289,0
345500,0
345516,0
346505,0
346506,0
345474,0
346507,0
344941,0
346015,0
346291,0
347606,0
345493,0
344800,0
344809,0
344810,0
344866,0
344812,0
344801,0
344813,0
346016,0
346745,0
346292,0
348536,0
344305,0
347602,0
345960,0
344862,0
344867,0
344868,0
344869,0
344870,0
346021,0
348849,0
344871,0
344872,0
345479,0
344891,0
345481,0
346018,0
345724,0
346017,0
347610,0
346019,0
344628,0
348397,0
346022,0
344316,0
346296,0
344306,0
345036,0
344307,0
345768,0
345725,0
345509,0
345790,0
345511,0
345495,0
347603,0
345726,0
345818,0
345820,0
345494,0
345496,0
344301,0
344235,0
345450,0
345449,0
346510,0
344308,0
345475,0
345477,0
346341,0
345817,0
346297,0
345514,0
345510,0
345506,0
345515,0
346749,0
349164,0
349168,0
346480,0
345483,0
346995,0
345512,0
345501,0
345502,0
346750,0
349169,0
344961,0
346298,0
348136,0
345508,0
345497,0
345518,0
346004,0
348920,0
348921,0
346752,0
346280,0
346281,0
345763,0
345727,0
346489,0
345969,0
349019,0
345970,0
345728,0
345974,0
346498,0
345538,0
346746,0
347303,0
346511,0
346024,0
346025,0
346512,0
346293,0
346294,0
346301,0
346299,0
346300,0
346302,0
346303,0
346304,0
348145,0
345522,0
345524,0
345525,0
348151,0
348153,0
345766,0
346493,0
346494,0
346495,0
346496,0
346057,0
347424,0
347868,0
347861,0
348918,0
345796,0
346741,0
345971,0
345774,0
345989,0
346000,0
346736,0
345802,0
344208,0
345803,0
347301,0
345972,0
345658,0
346739,0
346740,0
347425,0
346350,0
345671,0
345672,0
347302,0
347304,0
347870,0
346130,0
344210,0
348546,0
346116,0
345804,0
345807,0
345806,0
346516,11
345811,0
346632,0
348491,0
345816,0
343858,0
346627,0
347615,0
347871,0
346755,0
346756,0
346737,0
346117,0
347313,0
345812,0
345810,0
345490,0
346753,0
346092,0
347616,0
346738,0
345513,0
345822,0
345823,0
346849,0
347872,0
346852,0
346853,0
345824,0
345825,0
347617,0
346885,0
346757,0
346306,0
347318,0
345261,0
347612,0
347618,0
346307,0
346308,0
346305,0
345830,0
347624,0
346761,0
346103,0
346104,0
346520,1
346522,116
346059,0
346113,0
346115,0
346759,0
344502,0
344503,0
347317,0
346517,1
346518,1
344500,0
346519,4
346313,0
346521,40
346366,0
346367,0
346134,0
346135,0
346136,0
346323,0
346322,0
346760,0
346128,0
346129,0
346126,0
344258,0
346317,0
346368,0
346370,0
347609,0
346330,0
346369,0
346762,0
343851,0
347320,0
347314,0
347762,0
347730,1
347426,0
346131,0
346132,0
346133,0
346137,0
346138,0
346139,0
346140,0
346141,0
346142,0
346143,0
346144,0
347321,0
347221,0
347115,0
346146,0
346147,0
347208,0
344970,0
346781,0
346152,0
344448,0
346106,0
346155,0
348399,0
346783,0
346450,0
346149,0
346154,0
346447,0
348087,0
346434,0
346479,0
346483,0
346503,0
346484,0
346504,0
346488,0
346843,0
346405,0
346039,0
346444,0
347205,0
347625,0
347627,0
346551,0
346932,0
345517,0
345541,0
345486,0
347631,0
347222,0
347223,0
347224,0
347225,0
346774,0
346775,0
346776,0
346779,0
346786,0
346646,0
347024,0
347319,0
347315,0
344413,0
347023,0
347633,0
347203,0
346919,0
346905,0
347450,0
346032,0
345879,0
346938,0
348137,0
346906,0
346907,0
346569,0
347207,0
347026,0
348545,0
346790,0
346795,0
346796,0
346797,0
346798,0
346799,0
346800,0
346801,0
346804,0
346803,0
347206,0
346802,0
346807,0
346920,0
348401,0
348402,0
346806,0
346808,0
346811,0
346812,0
346813,0
346628,0
346815,0
344078,0
346926,0
346332,0
346770,0
346772,0
346782,0
348403,0
346763,0
347331,0
346773,0
346780,0
345962,0
346876,0
348722,0
347419,0
347636,0
344763,0
349170,0
346771,0
346777,0
347638,0
346818,0
346819,0
346821,0
346820,0
347361,0
343951,0
343952,0
346584,1
345963,0
346585,1
347639,1
347332,0
346600,0
347325,0
347326,0
347327,0
347329,0
347363,0
347333,0
344299,0
346599,0
347729,1
346817,0
346864,0
346850,0
346863,0
347034,0
345777,0
346930,0
346060,0
347038,0
347037,0
347334,0
344300,0
347335,0
344621,0
345792,0
347338,0
344326,0
347036,0
347733,1
347035,0
344298,0
347403,0
347404,0
347340,0
346865,0
347039,0
347040,0
347376,1
347378,1
347344,0
347345,0
347648,0
347647,0
346851,0
347343,0
347643,1
347644,1
347646,0
347645,1
347711,0
349171,0
347716,0
347712,1
347713,1
349172,0
347341,0
349173,0
349174,0
347653,0
347654,0
346871,0
347346,3
347347,1
347348,2
345185,0
345188,0
346867,0
347659,0
346890,0
347353,0
346891,0
347342,0
345964,0
346854,0
346889,0
345183,0
345184,0
345186,0
345187,0
345221,0
346875,0
345189,0
345190,0
345191,0
345192,0
345214,0
347632,0
347662,0
345215,0
346858,0
346869,0
345216,0
345222,0
346878,0
346877,0
346879,0
346390,0
346870,0
347030,0
347027,0
347663,0
346857,0
346866,0
346892,0
345680,0
346882,0
347044,0
349175,0
349176,0
347045,0
347046,0
347664,0
349177,0
346881,0
347667,0
347665,0
347373,0
346410,0
348919,0
344679,0
347666,0
347549,0
347565,0
346014,0
346001,0
347360,0
346893,0
347668,1
347661,0
347669,0
347670,0
347058,0
347671,0
347672,0
346883,0
346887,0
347673,0
347621,0
349178,0
347047,0
346915,0
346908,0
346911,0
346914,0
346400,0
346909,0
345696,0
345698,0
345701,0
347350,1
347351,1
346897,0
346898,0
347057,0
346912,0
346127,0
347352,2
347060,0
346910,0
347061,0
347059,0
346868,0
345700,0
345702,0
345703,0
347062,0
347066,0
347065,0
347675,0
347676,0
345706,0
345729,0
347674,0
345695,0
347116,0
347114,0
347069,0
347117,0
347440,0
347660,0
347767,0
347768,0
347655,0
347681,0
347677,0
347393,0
346624,0
347682,0
347390,0
347394,0
347077,0
347395,0
347375,0
347420,0
346625,0
346626,0
347072,0
347075,0
347657,0
347692,2
347081,0
347107,0
346050,0
346051,0
346052,0
346053,0
346054,0
347691,0
346055,0
347091,0
347092,0
347086,0
347085,0
345241,0
345231,0
345234,0
345228,0
347090,0
347731,1
347735,1
347736,1
347738,14
347094,0
347096,0
347097,0
347098,0
347095,0
347377,1
347100,0
347105,0
347106,0
347104,0
347407,0
347349,4
347405,8
347309,0
347379,1
347380,1
347381,1
347406,4
347696,0
344415,0
347699,0
347700,0
349179,0
347697,0
347698,0
346448,0
347701,0
347693,4
345735,0
345791,0
347695,0
347694,0
345781,0
347427,0
347430,0
347431,0
347432,0
347705,0
347703,4
347409,0
347299,0
347552,0
347553,0
347454,0
344478,0
344476,0
344384,0
344477,0
344385,0
347707,0
347708,0
344389,0
344479,0
344480,0
344482,0
344387,0
344484,0
344485,0
344388,0
344391,0
344394,0
344486,0
344395,0
344581,0
344562,0
344567,0
344582,0
344590,0
344609,0
344610,0
344611,0
344565,0
344612,0
344573,0
343857,0
343880,0
347461,0
347462,0
347463,0
347656,0
347746,0
348115,0
348154,0
347743,0
347747,0
345965,0
345610,0
345611,0
345625,0
345626,0
345627,0
346880,0
345624,0
345616,0
345618,0
345613,0
345614,0
345615,0
346190,0
347764,0
344762,0
347613,0
347765,0
344760,0
344782,0
344780,0
344783,0
344787,0
344788,0
347611,0
347620,0
347622,0
347623,0
347619,0
347766,0
348027,0
348108,0
348107,0
348110,0
348111,0
348112,0
348155,0
348941,0
348922,0
346056,0
347902,0
347903,0
347833,0
348156,0
347568,0
348147,0
348149,0
347569,0
347571,0
348923,0
347573,0
347570,0
347572,0
346058,0
348924,0
347136,0
347137,0
347138,0
346580,0
347791,0
347792,0
347956,0
344617,0
348925,0
348927,0
348928,0
346592,0
347912,0
347955,0
347874,0
349182,0
349180,0
348888,0
346597,0
346598,0
346582,0
347875,0
346583,0
346579,0
346591,0
348547,0
347876,0
347877,0
348548,0
347878,0
347592,0
348892,0
348943,0
348891,0
346824,0
346827,0
346830,0
346831,0
346834,0
346837,0
348945,0
347960,0
347959,0
345985,0
345986,0
347961,0
347962,0
347880,0
346873,0
346828,0
346833,0
346835,0
346829,0
346836,0
346838,0
346841,0
346842,0
348944,0
347882,0
347883,0
347884,0
348157,0
347895,0
347897,0
346681,0
346691,0
348946,0
347898,0
348809,0
347706,0
347709,0
347710,0
344454,0
347899,0
347900,0
344455,0
347901,0
349162,0
348895,0
348897,0
348884,0
348947,0
348948,0
348950,0
348954,0
348957,0
344501,0
349187,0
349012,0
349018,0
349017,0
349013,0
349016,0
349021,0
349020,0
349181,0
348158,0
348890,0
348893,0
348894,0
349183,0
349024,0
349184,0
349022,0
348485,0
348486,0
349167,0
348574,0
348678,0
348685,0
348681,0
348687,0
349023,0
349185,0
349186,0
349188,0
349189,0
347934,0
347935,0
347928,0
347933,0
347929,0
347930,0
347931,0
347932,0
347936,0
348161,0
347937,0
348159,0
348160,0
348162,0
348163,0
348164,0
348165,0
348172,0
348176,0
346683,0
349027,0
346575,0
344652,0
348504,0
347938,0
348736,0
349087,0
348168,0
347950,0
347939,0
348166,0
348167,0
348169,0
348170,0
348171,0
345210,0
344654,0
345208,0
345209,0
348439,0
347192,0
348440,0
348555,0
347717,0
347952,0
347953,0
348556,0
348557,0
347913,0
347963,0
347917,0
348958,0
348173,0
347193,0
347197,0
348959,0
348407,0
348408,0
348960,0
348961,0
348963,0
348962,0
348178,0
348558,0
348559,0
348560,0
348183,0
346389,0
346391,0
348405,0
346392,0
344670,0
346417,0
346418,0
348182,0
345572,0
345573,0
345570,0
346285,0
345571,0
345574,0
345575,0
345576,0
345577,0
345578,0
346406,0
346407,0
346394,0
346395,0
348185,0
345961,0
345987,0
345988,0
346191,0
346170,0
346171,0
346192,0
346173,0
346193,0
346174,0
346175,0
346211,0
346212,0
346213,0
346413,0
346411,0
346414,0
346412,0
346415,0
348414,0
344671,0
344673,0
347915,0
347926,0
348713,0
348737,0
344676,0
344678,0
346408,0
346409,0
347969,0
347966,0
347967,0
348971,0
347259,0
348195,0
348582,0
348196,0
348198,0
348197,0
348199,0
346699,0
349192,0
349193,0
348965,0
348964,0
346252,0
346254,0
346255,0
346700,0
346702,0
346701,0
346703,0
346705,0
346706,0
346707,0
346704,0
346256,0
346257,0
347964,0
347972,0
348175,0
346253,0
347968,0
347970,0
347945,0
347247,0
347971,0
347745,0
347718,0
347748,0
347744,0
347726,0
347727,0
347973,0
348966,0
347887,0
348967,0
348968,0
348969,0
348970,0
345300,0
349194,0
348563,0
349195,0
349196,0
347974,0
346327,0
349197,0
346328,0
347889,0
347890,0
347891,0
347892,0
347893,0
345385,0
345382,0
347885,0
345102,0
349191,0
347896,0
348584,0
348216,0
345383,0
345386,0
348444,0
348437,0
348462,0
348464,0
348465,0
347975,0
347944,0
348463,0
347384,0
347385,0
347386,0
347387,0
347260,0
348071,0
348212,0
347947,0
347976,0
348972,0
348973,0
349065,0
349066,0
348571,0
349067,0
349068,0
347637,0
347977,0
348218,0
347978,0
347979,0
347980,0
347981,0
347982,0
349069,0
347983,1
348573,0
348688,0
347415,0
347879,0
347984,1
348974,0
348226,0
348225,0
345526,0
345542,0
345539,0
345540,0
347835,0
347985,0
349046,0
348587,0
348227,0
348228,0
348572,0
348741,0
348742,0
347761,0
348219,0
348229,0
348588,0
348589,0
348590,0
349028,0
348023,0
348022,0
346980,0
346981,0
346982,0
346983,0
346984,0
346985,0
346986,0
346987,0
346988,0
348045,0
348047,0
348070,0
348583,0
348234,0
348446,0
348447,0
348580,0
348448,0
347853,0
348449,0
348689,0
348690,0
348222,0
348213,0
348232,0
348235,0
348236,0
348214,0
348240,0
348242,0
348243,0
348241,0
348565,0
347828,0
348691,0
348581,0
348596,0
347826,0
347827,0
348244,0
348245,0
348564,0
348012,2
348018,1
348566,0
348259,0
348417,0
348984,0
348418,0
347986,1
347987,1
348441,0
348442,0
348034,0
348037,0
348443,0
348445,0
348567,0
348568,0
348035,0
348041,0
348042,0
348266,0
347988,1
347989,1
347990,1
347991,1
347799,0
347992,1
347993,1
347994,1
347995,1
347996,1
347997,1
348007,0
348975,0
348976,0
347998,1
347999,1
348000,1
348001,1
348002,1
348003,1
348004,1
348005,1
348600,0
347417,0
347418,0
347435,0
348020,0
348010,1
348011,1
348008,2
348009,1
348278,0
348280,0
348595,0
348601,0
348593,0
348013,4
348602,0
348014,2
348019,70
348992,0
348993,0
347401,0
347398,0
348015,6
348016,6
348017,12
348043,0
348073,0
348604,0
348605,0
348074,0
348075,0
348076,0
348692,0
348997,0
347397,0
347402,0
347886,0
347888,0
348693,0
348694,0
348021,0
346989,0
348026,0
346990,0
347894,0
346991,0
346993,0
346994,0
346979,0
348025,0
348569,0
348570,0
348024,0
348273,0
347881,0
348998,0
348983,0
348987,0
348607,0
348295,0
348270,0
348271,0
348272,0
348274,0
348275,0
348277,0
348609,0
348068,0
348262,0
348264,0
348267,0
348303,0
348304,0
348260,0
348268,0
348269,0
348276,0
348279,0
348281,0
348999,0
348610,0
348611,0
348612,0
348305,0
348985,0
348986,0
348990,0
348784,0
348695,0
348696,0
348697,0
348613,0
348614,0
348296,0
348619,0
348621,0
348298,0
348300,0
348297,0
348307,0
348301,0
348302,0
347128,0
347129,0
347130,0
347132,0
346957,0
348620,0
348310,0
348308,0
348309,0
348311,0
348313,0
348314,0
348312,0
348048,0
348049,0
348050,0
348051,0
348263,0
347133,0
346927,0
346931,0
346934,0
346961,0
348067,0
346935,0
346936,0
346939,0
348315,0
346921,0
346946,0
348316,0
346941,0
348072,0
346310,0
346311,0
346312,0
346376,0
349000,0
348422,0
349001,0
348419,0
348036,0
348038,0
348039,0
348040,0
348077,0
348078,0
348079,0
348398,0
348081,0
348082,0
348083,0
348044,0
348319,0
348317,1
348318,1
346960,0
348052,0
348053,0
348056,0
348057,0
348060,0
349002,0
345022,1
348085,0
348062,0
344491,3
344492,6
344493,4
344494,1
344495,1
345104,0
349003,0
348466,0
348636,0
348635,0
345106,0
345107,0
345108,0
345110,0
345115,0
345123,0
345105,0
346623,0
345023,1
345024,2
345025,1
348088,0
348323,1
348324,2
348320,0
348373,0
348321,0
348322,0
348325,2
348637,0
348638,0
348326,0
348421,0
348430,0
348094,0
347330,0
348092,0
347704,0
348093,0
348091,0
348090,0
348649,0
348327,3
348646,0
348376,0
348411,0
348328,1
348329,1
348420,0
348084,0
348086,0
345103,0
348330,1
346338,0
346382,0
346325,0
346329,0
348105,0
348331,1
348647,0
348648,0
348089,0
348701,0
348700,0
348702,0
348095,0
348096,0
348097,0
348098,0
348099,0
346324,0
348106,0
348100,0
345154,0
345155,0
345661,0
345652,0
345653,0
348332,0
348333,0
348336,0
348480,0
348334,0
348335,0
348337,0
348338,0
348339,0
348340,0
348341,0
345156,0
348650,0
348103,0
348104,0
348342,0
348435,0
346214,0
346215,0
346217,0
346218,0
348344,0
348345,2
348102,0
348432,0
348433,0
348434,0
348651,0
345718,0
345717,0
345714,0
345715,0
345716,0
345562,0
345564,0
345566,0
345567,0
345568,0
345569,0
348030,0
344079,0
344081,0
346816,0
348431,0
346203,0
346201,0
346205,0
346206,0
348438,0
345379,0
345384,0
348346,1
348347,2
348061,0
348349,2
348644,0
347595,0
347594,0
347593,0
348261,0
348639,0
348640,0
348641,0
348645,0
348380,0
348642,0
348654,0
345640,0
345642,0
348116,0
348117,0
348128,0
346377,0
348114,0
348348,4
348352,1
348360,2
348343,0
348436,0
348119,0
348063,0
348101,0
348652,0
348653,0
348655,0
348657,0
348658,0
346378,0
348129,0
346379,0
348623,0
348120,0
348121,0
348122,0
348123,0
344279,0
348622,0
348624,0
348625,0
348626,0
348627,0
348628,0
348629,0
348630,0
348632,0
348633,0
348634,0
349056,0
349057,0
348615,0
348617,0
348618,0
348350,1
348351,1
348353,1
348354,1
348355,1
348659,0
348660,0
347056,0
348124,0
348356,1
348142,0
348357,1
346038,0
348358,10
348359,2
348661,0
348362,0
345819,0
345821,0
347142,0
348265,0
346048,0
346047,0
348363,0
348361,0
347152,0
348366,0
348364,0
348126,0
348365,0
348127,0
344741,0
348130,0
348131,0
348132,0
348134,0
347157,0
347163,0
346049,0
346045,0
346046,0
347154,0
347165,0
347156,0
348133,0
347162,0
347164,0
346030,0
346573,0
346574,0
348665,0
347251,0
348666,0
347228,0
346040,0
346027,0
344737,0
344739,0
348125,0
348069,0
349005,0
346562,0
346975,0
346031,0
344730,0
347011,0
344738,0
348143,0
348046,0
348118,0
346974,0
344740,0
344747,0
344749,0
344750,0
344748,0
344757,0
344753,0
344754,0
344755,0
344756,0
348135,0
347017,0
344277,0
344742,0
344743,0
346553,0
344751,0
344752,0
347237,0
348369,0
348371,0
348378,0
348367,0
349055,0
346561,0
348379,0
346202,0
346200,0
346204,0
348372,0
348377,0
344772,0
348383,0
346469,0
346470,0
348381,0
348368,0
348370,0
347226,0
346758,0
346552,0
347240,0
348374,0
346554,0
346557,0
346474,0
346468,0
346471,0
346754,0
346559,0
346571,0
346472,0
346473,0
348667,0
348384,0
346558,0
347234,0
347235,0
346560,0
346572,0
348140,0
348139,0
348141,0
348391,0
347033,0
348668,0
348669,0
347232,0
348386,0
348387,0
348389,0
346577,0
348686,0
348385,0
348679,0
347049,0
348382,0
348396,0
347239,0
347244,0
348671,0
348576,0
349007,0
348579,0
347048,0
347000,0
348482,0
348483,0
348484,0
348481,0
347051,0
347052,0
344370,0
347054,0
348662,0
348663,0
348664,0
347050,0
348489,0
348488,0
345686,0
345688,0
346814,0
345690,0
347253,0
347231,0
347254,0
347255,0
347238,0
347242,0
347243,0
347256,0
348703,0
345689,0
347410,0
347411,0
348723,0
348724,0
348725,0
348726,0
348727,0
348728,0
348729,0
348730,0
348735,0
348731,0
348732,0
348733,0
348734,0
348708,0
348719,0
347413,0
347414,0
348698,0
348699,0
348230,0
348231,0
348503,0
348505,0
348575,0
348578,0
348577,0
348738,0
348739,0
348740,0
348743,0
348744,0
348745,0
348746,0
348747,0
348748,0
348749,0
348750,0
348752,0
348755,0
348756,0
348306,0
348780,0
348670,0
348597,0
348598,0
348608,0
348500,0
348599,0
349009,0
349036,0
348781,0
349037,0
349050,0
349051,0
349052,0
349053,0
349054,0
349058,0
349062,0
349059,0
349060,0
349061,0
346608,0
346611,0
347927,0
347919,0
347923,0
346065,0
349004,0
348786,0
348787,0
349006,0
349064,0
349074,0
349075,0
349070,0
349072,0
349080,0
349081,0
349076,0
348955,0
349077,0
349078,0
349079,0
347422,0
347429,0
347423,0
347421,0
349085,0
347544,0
347534,0
349084,0
349086,0
349088,0
349089,0
349091,0
