id,xx_nbre_tablettes
342867,Copy 342867
342211,Copy 342211
339375,Copy 339375
337394,Copy 337394
342209,Copy 342209
340077,Copy 340077
337390,Copy 337390
340066,Copy 340066
338929,Copy 338929
339071,Copy 339071
339015,Copy 338241
338913,Copy 338913
339014,Copy 338240
339013,Copy 338209
346239,Copy 346239
343733,Copy 343733
338941,Copy 338941
339012,Copy 338115
343731,Copy 343731
338444,Copy 338444
345764,Copy 345764
343735,Copy 343735
345744,Copy 345744
336950,Copy 336950
341608,Copy 341608
345544,Copy 345544
337683,Copy 337683
342619,Copy 342619
342625,Copy 342625
336929,Copy 336929
337682,Copy 337682
343881,Copy 343881
343882,Copy 343882
342574,Copy 342574
336948,Copy 336948
336931,Copy 336929
338847,Copy 338847
339947,Copy 339947
338849,Copy 338849
340099,Copy 340099
339373,Copy 339373
341056,Copy 341056
339371,Copy 339371
338915,Copy 338915
345545,Copy 345545
346685,Copy 346685
341017,Copy 341017
341269,Copy 341269
341268,Copy 341268
342105,Copy 342105
344717,Copy 344717
344260,Copy 344260
339378,Copy 339378
343884,Copy 343884
337934,Copy 337934
342572,Copy 342572
337458,Copy 337458
337205,Copy 337205
337838,Copy 337838
338914,Copy 338914
336949,Copy 336949
347453,Copy 347453
342897,Copy 342897
338969,Copy 338969
344076,Copy 344076
338091,Copy 338091
339647,Copy 339647
337943,Copy 337943
337944,Copy 337944
344082,Copy 344082
342903,Copy 342903
342925,Copy 342925
345417,Copy 345417
339202,Copy 339202
347120,Copy 347120
339199,Copy 339199
339215,Copy 339215
339205,Copy 339205
339209,Copy 339209
339212,Copy 339212
347125,Copy 347125
337775,Copy 337775
337741,Copy 337741
337742,Copy 337742
336852,Copy 336852
338474,Copy 338474
342151,Copy 342151
341635,Copy 341635
342169,Copy 342169
342926,Copy 342926
336860,Copy 336860
337000,Copy 337000
347134,Copy 347134
336991,Copy 336991
336858,Copy 336858
336859,Copy 336859
341368,Copy 341368
341125,Copy 341125
338508,Copy 338508
343749,Copy 343749
342927,Copy 342927
338605,Copy 338605
337810,Copy 337810
342400,Copy 342400
344141,Copy 344141
340054,Copy 340054
344142,Copy 344142
342401,Copy 342401
342398,Copy 342398
347135,Copy 347135
347139,Copy 347139
338501,Copy 338501
338356,Copy 338356
342506,Copy 342506
342939,Copy 342939
346613,Copy 346613
347167,Copy 347167
347166,Copy 347166
343612,Copy 343612
343950,Copy 343950
345084,Copy 345084
345085,Copy 345085
338236,Copy 338236
347806,Copy 347806
337621,Copy 337621
347497,Copy 347497
347494,Copy 347494
341364,Copy 341364
344317,Copy 344317
343558,Copy 343558
336920,Copy 336920
338939,Copy 338939
339324,Copy 339324
343378,Copy 343378
345040,Copy 345040
344447,Copy 344447
336838,Copy 336838
337565,Copy 337565
347170,Copy 347170
341367,Copy 341367
345826,Copy 345826
339021,Copy 339021
345560,Copy 345560
345828,Copy 345828
347591,Copy 347591
340726,Copy 340726
340729,Copy 340729
339663,Copy 339663
345557,Copy 345557
343372,Copy 343372
342822,Copy 342822
343129,Copy 343129
337118,Copy 337118
347078,Copy 347078
349142,Copy 349142
349143,Copy 349143
339940,Copy 339940
347557,Copy 347557
342452,Copy 342452
344820,Copy 344820
339397,Copy 339397
343661,Copy 343661
342217,Copy 342217
342395,Copy 342395
341166,Copy 341166
341113,Copy 341113
339187,Copy 339187
337470,Copy 337470
337120,Copy 337120
337718,Copy 337718
337719,Copy 337719
343725,Copy 343725
337971,Copy 337971
339675,Copy 339675
345682,Copy 345682
337139,Copy 337139
337978,Copy 337978
348470,Copy 348470
347070,Copy 347070
344556,Copy 344556
343649,Copy 343649
342509,Copy 342509
337451,Copy 337451
343141,Copy 343141
341294,Copy 341294
342491,Copy 342491
342508,Copy 342508
343469,Copy 343469
339662,Copy 339662
340313,Copy 340313
342850,Copy 342850
336902,Copy 336902
336993,Copy 336993
336916,Copy 336916
337445,Copy 337445
338523,Copy 338523
338526,Copy 338526
337127,Copy 337127
336815,Copy 336815
341180,Copy 341180
336915,Copy 336915
337425,Copy 337425
342928,Copy 342928
342123,Copy 342123
343959,Copy 343959
339504,Copy 339504
343992,Copy 343992
344146,Copy 344146
344149,Copy 344149
344177,Copy 344177
346371,Copy 346371
344227,Copy 344227
344207,Copy 344207
341057,Copy 341057
342853,Copy 342853
345098,Copy 345098
339518,Copy 339518
343958,Copy 343958
343134,Copy 343134
341212,Copy 341212
342331,Copy 342331
342408,Copy 342408
343017,Copy 343017
344112,Copy 344112
342389,Copy 342389
342865,Copy 342865
340784,Copy 340784
337395,Copy 337395
347857,Copy 347857
339953,Copy 339953
342851,Copy 342851
342852,Copy 342852
344734,Copy 344734
344831,Copy 344831
344832,Copy 344832
342798,Copy 342798
343138,Copy 343138
342496,Copy 342496
342854,Copy 342854
339952,Copy 339952
341060,Copy 341060
342855,Copy 342855
342153,Copy 342153
344119,Copy 344119
344821,Copy 344821
344131,Copy 344131
341045,Copy 341045
340621,Copy 340621
343783,Copy 343783
343955,Copy 343955
344873,Copy 344873
344861,Copy 344861
340961,Copy 340961
339969,Copy 339969
344115,Copy 344115
340486,Copy 340486
347772,Copy 347772
347785,Copy 347785
347795,Copy 347795
344063,Copy 344063
344066,Copy 344066
338322,Copy 338322
344105,Copy 344105
341110,Copy 341110
339374,Copy 339374
344040,Copy 344040
344456,Copy 344456
344917,Copy 344917
342981,Copy 342981
348810,Copy 348810
348811,Copy 348811
345199,Copy 345199
344714,Copy 344714
338332,Copy 338332
338334,Copy 338334
338335,Copy 338335
338336,Copy 338336
338328,Copy 338328
338323,Copy 338323
338324,Copy 338324
340516,Copy 340516
338325,Copy 338325
338327,Copy 338327
338329,Copy 338329
338330,Copy 338330
342820,Copy 342820
345852,Copy 345852
340517,Copy 340517
340518,Copy 340518
348898,Copy 348898
340379,Copy 340379
340355,Copy 340355
340413,Copy 340413
340429,Copy 340429
342647,Copy 342647
345966,Copy 345966
347202,Copy 347202
344645,Copy 344645
344646,Copy 344646
340952,Copy 340952
347291,Copy 347291
346978,Copy 346978
346969,Copy 346969
342240,Copy 342240
338494,Copy 338494
346467,Copy 346467
339651,Copy 339651
339654,Copy 339654
340992,Copy 340992
339914,Copy 339914
346446,Copy 346446
342591,Copy 342591
342594,Copy 342594
345126,Copy 345126
342597,Copy 342597
347292,Copy 347292
345673,Copy 345673
345915,Copy 345915
345674,Copy 345674
347293,Copy 347293
347869,Copy 347869
342237,Copy 337127
347389,Copy 347389
346476,Copy 346450
346224,Copy 346224
345952,Copy 345952
340446,Copy 340446
344103,Copy 344103
345951,Copy 345951
343778,Copy 343778
347859,Copy 347859
345918,Copy 345918
343490,Copy 343490
348544,Copy 348544
345468,Copy 345468
344936,Copy 344936
345469,Copy 345469
337603,Copy 337603
344934,Copy 344934
345471,Copy 345471
341382,Copy 341382
336865,Copy 336865
344808,Copy 344808
344859,Copy 344859
344816,Copy 344816
344817,Copy 344817
344813,Copy 344813
344858,Copy 344858
345516,Copy 345516
344316,Copy 344316
346015,Copy 346015
345036,Copy 345036
345763,Copy 345763
346510,Copy 346510
345817,Copy 345817
340345,Copy 340345
343727,Copy 343727
346298,Copy 346298
346301,Copy 346301
346300,Copy 346300
348145,Copy 348145
346498,Copy 346498
345825,Copy 345825
346632,Copy 346632
343858,Copy 343858
347871,Copy 347871
345766,Copy 345766
347609,Copy 347609
343763,Copy 343763
343764,Copy 343764
343851,Copy 343851
347321,Copy 347321
347115,Copy 347115
346479,Copy 346467
344970,Copy 344970
346039,Copy 346039
345517,Copy 345517
347205,Copy 347205
347023,Copy 347023
346450,Copy 346450
346447,Copy 346447
339790,Copy 339790
340954,Copy 340954
347319,Copy 347319
340948,Copy 340948
347206,Copy 347206
347203,Copy 347203
343951,Copy 343951
346919,Copy 346919
347207,Copy 347207
337199,Copy 337199
347331,Copy 347331
347404,Copy 347404
343952,Copy 343952
347332,Copy 347332
347036,Copy 347036
347343,Copy 347343
341193,Copy 341193
347663,Copy 347663
347667,Copy 347667
346410,Copy 346410
347353,Copy 347353
346448,Copy 346448
342965,Copy 342965
342879,Copy 342879
347077,Copy 347077
347375,Copy 347375
339791,Copy 339791
347072,Copy 347072
342234,Copy 337118
347116,Copy 347116
347114,Copy 347114
347069,Copy 347069
347409,Copy 347409
346050,Copy 346050
342410,Copy 342410
347454,Copy 347454
344476,Copy 344476
349162,Copy 349162
343857,Copy 343857
347461,Copy 347461
347462,Copy 347462
347764,Copy 347764
346582,Copy 346582
347875,Copy 347875
346583,Copy 346583
347706,Copy 347706
344590,Copy 344590
348155,Copy 348155
349167,Copy 349167
343005,Copy 343005
343052,Copy 343052
343057,Copy 343057
346411,Copy 346411
348162,Copy 348162
346412,Copy 346412
348504,Copy 348504
348166,Copy 348166
346406,Copy 346406
346394,Copy 346394
347748,Copy 347748
341213,Copy 341213
341835,Copy 341835
341774,Copy 341774
348197,Copy 348197
341770,Copy 341770
348241,Copy 348241
343411,Copy 343411
347981,Copy 347981
348999,Copy 348999
346981,Copy 346981
348295,Copy 348295
348611,Copy 348611
345106,Copy 345106
348085,Copy 348085
348620,Copy 348620
346376,Copy 346376
345105,Copy 345105
346623,Copy 346623
348124,Copy 348124
348084,Copy 348084
348086,Copy 348086
348119,Copy 348119
348101,Copy 348101
348638,Copy 348638
348651,Copy 348651
348627,Copy 348627
349005,Copy 349005
346048,Copy 346048
348046,Copy 348046
348135,Copy 348135
346049,Copy 346049
342746,Copy 342746
344772,Copy 344772
343774,Copy 343774
344370,Copy 344370
342736,Copy 342736
348686,Copy 348686
348576,Copy 348576
342459,Copy 342459
348579,Copy 348579
338309,Copy 338309
347927,Copy 347927
348505,Copy 348505
348578,Copy 348578
348577,Copy 348577
337585,Copy 337585
349004,Copy 349004
349006,Copy 349006
349064,Copy 349064
349075,Copy 349075
349078,Copy 349078
349084,Copy 349084
349091,Copy 349091
